;Nome;Pergunta;Resposta;Resposta_predita
609;Clomid 50 mg;Há alguma condição específica em que o uso de Clomid 50 mg é desaconselhado?;Não deve ser usado por mulheres grávidas ou que estejam a amamentar e por pessoas com alergia a qualquer componente da fórmula.; Não há nenhuma condição específica em que o uso de Clomid 50 mg é desaconselhado. Este medicamento pode ser usado em mulheres que desejam engravidar, bem como em mulheres que já estão grávidas e que desejam aumentar o risco de ocorrência de aborto.  Como ocorre com todos os medicamentos, o uso de Clomid 50 mg é desaconselhado em casos de hipersensibilidade ao citrato de clomifeno ou a qualquer componente da fórmula.  Como ocorre com todos os medicamentos, o uso de Clomid 50 mg é desaconselhado em casos de hipersensibilidade ao citrato de clomifeno ou a qualquer componente da fórmula.  Como ocorre com todos os medicamentos, o uso de Clomid 50 mg é desaconselhado em casos de hipersensibilidade ao citrato de clomifeno ou a qualquer componente da fórmula.
644;Cebralat 50 e 100 mg;Como funciona Cebralat 50 e 100 mg?;Cebralat é um medicamento que tem na sua composição Cilostazol, um derivado quinolinônico capaz de inibir a fosfodiesterase celular e de suprimir a degradação da adenosina monofosfato. Desta forma, Cebralat promove um aumento da concentração de adenosina monofosfato nas plaquetas e vasos sanguíneos, o que inibe a agregação plaquetária e promove a vasodilatação.; Cebralat 50 e 100 mg é um medicamento que tem na sua composição cebrillo, um composto que atua no sistema nervoso central, exercendo um efeito analgésico e antipirético.  Após administração oral, Cebralat inicia o seu efeito cerca de 30 a 45 minutos após administração.   Cebralat 50 e 100 mg está contraindicado para pacientes com alergia ao cebrillo ou a algum dos componentes da fórmula.   Cebralat 50 e 100 mg é um medicamento que apenas deve ser administrado de acordo com indicação médica.  A dose recomendada de Cebralat 50 e 100 mg é de 1 comprimido de 50 mg ou 1 comprimido de 100 mg, administrado 3 vezes por dia, de 8 em 8 horas.  Os comprimidos de Cebralat 50 e
257;Mylicon;Quando não devo usar Mylicon?;Mylicon gotas não pode ser usado em pessoas com alergia à simeticona ou a qualquer um dos componentes da fórmula. Nestes casos, a toma deverá ser imediatamente interrompida.; Mylicon não deve ser usado em casos de alergia a qualquer um dos componentes da fórmula.  Não deve ser usado por crianças menores de 12 anos de idade.   Como usar Mylicon pela primeira vez:  Antes de usar, coloque a tampa protetora sobre a bisnaga.  Segure a bisnaga com os dedos indicador e médio, e incline a cabeça para trás até que o bico da bisnaga toque o pescoço.  Segure o bico da bisnaga entre o indicador e o médio, e incline a cabeça para trás até que o bico da bisnaga toque o pescoço.  Segure o bico da bisnaga entre o indicador e o médio, e incline a cabeça para trás até que o bico da bisnaga toque o pescoço.  Segure o bico da bisnaga entre o indicador e o médio, e incline a cabeça para trás até que o bico da bisnaga toque o pescoço. 
101;Cápsulas de Goji Berry;Quais são os processos biológicos desencadeados por Cápsulas de Goji Berry?;Goji Berry cápsulas é um suplemento que tem na sua composição cerca de 18 tipos de aminoácidos, vitaminas e minerais, e os seus benefícios estão associados aos seus nutrientes.;" As cápsulas de Goji Berry contêm um ingrediente chamado ""Tawoos"" que atua como um potente antioxidante, ajudando a eliminar os radicais livres das células. Além disso, também atua como um agente anti-inflamatório, ajudando a reduzir a inflamação e a dor nas células.  Por outro lado, as cápsulas de Goji Berry também contêm um ingrediente chamado ""Glutamina"", que ajuda a reparar os tecidos danificados e a reduzir a inflamação.  Por fim, as cápsulas de Goji Berry também contêm um ingrediente chamado ""Betaine"", que ajuda a reduzir a gordura e a colesterol no sangue.   A dose recomendada de Goji Berry é de 1 cápsula, 3 vezes ao dia, antes das refeições.   A bula do medicamento não refere efeitos colaterais.   A bula do medicamento não refere contra"
8;Lacto Purga;Quais são as contraindicações para Lacto Purga?;Lacto Purga é contra-indicado nos casos de íleo-paralítico, obstrução intestinal, quadros abdominais agudos, como apendicite aguda, doenças inflamatórias agudas do intestino e dor abdominal grave associada com náusea e vômito, que podem ser sintomas de problemas mais graves. Lacto Purga também é contra-indicadoem casos de intensa desidratação e em paciente com hipersensibilidade ao bisacodil ou a qualquer outro componente da fórmula. É contra-indicado em problemas hereditários raros que podem ser incompatíveis com excipientes do produto.; Lacto Purga não deve ser usado em pessoas com alergia a qualquer um dos componentes da fórmula.  Não há contraindicações para o uso de Lacto Purga em pacientes com idade superior a 65 anos.  Não há contraindicações para o uso de Lacto Purga em pacientes com idade superior a 65 anos.  Não há contraindicações para o uso de Lacto Purga em pacientes com idade superior a 65 anos.  Não há contraindicações para o uso de Lacto Purga em pacientes com idade superior a 65 anos.  Não há contraindicações para o uso de Lacto Purga em pacientes com idade superior a 65 anos.  Não há contraindicações para o uso de Lacto Purga em pacientes com idade superior a 65 anos.  Não há contraindicações para o uso de Lacto Purga em pacientes com idade superior a 65 anos.
224;Erleada;O que Erleada pretende tratar?;O Erleada é um medicamento indicado para o tratamento de câncer de próstata que não se espalhou para outras partes do corpo, após falha à terapia de privação de androgênios.;" Erleada pode ser usado para tratar uma vasta gama de doenças e problemas, incluindo:  Alergias;	Astma;	Câncer;	Cirurgia;	Cuando você está em uma situação de perigo e precisa de uma resposta rápida e precisa;	Crianças;	Dor de cabeça;	Diabetes;	Epilepsia;	Fibromialgia;	Glaucoma;	Infertilidade;	Infeções;	Lupus;	Mau funcionamento dos rins;	Mau funcionamento do coração;	Mau funcionamento da tireoide;	Mau funcionamento dos ossos;	Mau funcionamento dos vasos sanguíneos;	Mau funcionamento da vesícula biliar;	Mau funcionamento do fígado;	Mau funcionamento dos rins;	Mau funcionamento do coração;	Mau funcionamento da tireoide;	Mau funcionamento dos ossos;	Mau funcionamento dos vasos sanguíne"
323;Citarabina;Qual é o propósito principal de Citarabina na área da saúde?;A principal indicação de Citarabina é para o tratamento de leucemias agudas não-linfocíticas em adultos e crianças e no tratamento de outras leucemias, como leucemia linfocítica aguda e leucemia mielocítica crônica.; Citarabina é indicada para o tratamento de câncer, principalmente no tratamento de leucemias e linfomas.  Também é indicada para o tratamento de algumas doenças nervosas, como esclerose múltipla, e no tratamento de algumas doenças do fígado.   Como usar Citarabina pela primeira vez?  A dose inicial de Citarabina é de 100 mg/kg/dia, dividida em duas tomadas, sendo uma pela manhã e outra à noite.  A dose de manutenção é de 50 mg/kg/dia, dividida em duas tomadas, sendo uma pela manhã e outra à noite.  A dose máxima diária é de 100 mg/kg/dia.  Como usar Citarabina após a primeira dose?  A dose de manutenção de Citarabina deve ser administrada diariamente, de preferência sempre à mesma hora, por pelo menos 1 hora e 30 minutos.  A dose total
432;Glifage;Quais são as contraindicações para Glifage?;Glifage ou Glifage XR está contraindicado para pacientes com problema de funcionamento do fígado ou dos rins, diabetes não controlada, com hiperglicemia ou cetoacidose graves, pacientes com infecção grave ou desidratados, pacientes com historial de problemas cardíacos, problemas circulatórios graves ou dificuldades respiratórias, pacientes que ingiram bebidas alcoólicas em excesso ou que tinham de ser submetidos a cirurgia eletiva de grande porte ou a exame utilizando meio de contraste contendo iodo e para pacientes com alergia à Metformina ou a algum dos componentes da fórmula. Além disso, Glifage está também contraindicado para crianças com menos de 10 anos de idade e Glifage XR para crianças com menos de 17 anos de idade.; Glifage está contraindicado para pacientes com alergia a qualquer um dos componentes da fórmula.  Glifage não deve ser usado por pacientes com diabetes mellitus tipo 2 que não controlam a glicemia com a dieta e exercício físico.  Glifage não deve ser usado por pacientes com diabetes mellitus tipo 1 que não controlam a glicemia com a dieta e exercício físico.  Glifage não deve ser usado por pacientes com hiperglicemia não controlada.  Glifage não deve ser usado por pacientes com problemas de rins.  Glifage não deve ser usado por pacientes com problemas de fígado.  Glifage não deve ser usado por pacientes com problemas de coração.  Glifage não deve ser usado por pacientes com pressão alta não controlada.  Glifage não deve ser usado por pacientes com doenças ou problemas nos olhos.  Glifage não deve ser usado por pacientes com problemas na
603;Égide;Há alguma condição específica em que o uso de Égide é desaconselhado?;Égide está contraindicado para mulheres grávidas ou com suspeitas de gravidez e para pacientes com alergia ao Topiramato ou a algum dos componentes da fórmula.; Não há nenhuma condição específica em que o uso de Égide é desaconselhado. Égide pode ser usado em qualquer condição clínica.  Égide pode ser usado durante a gravidez desde que sob prescrição médica.  Égide pode ser usado durante a amamentação desde que sob prescrição médica.  Égide não deve ser usado em casos de hipersensibilidade a qualquer um dos componentes da fórmula.  Égide não deve ser usado em pacientes com insuficiência hepática ou renal.  Égide não deve ser usado em pacientes com hipoprotrombinemia.  Égide não deve ser usado em pacientes com tuberculose pulmonar ativa.  Égide não deve ser usado em pacientes com infecções fúngicas sistêmicas.  Égide não deve ser usado em pacientes com hepatite B ou C.  Égide não deve ser usado em pacientes com insuficiência renal. 
453;Azulfin;O que Azulfin pretende tratar?;"Gastroenterologia: Azulfin é indicado no tratamento da retocolite ulcerativa inespecífica; colite ulcerativa média ou moderada; como terapia adjuvante na colite ulcerativa severa; doença de Crohn. Reumatologia: Azulfin é indicado no tratamento da artrite reumatóide e da espondilite anquilosante. Azulfin em comprimidos revestidos gastrorresistentes é indicado particularmente aos pacientes que não podem tomar comprimidos simples devido à intolerância gastrintestinal."; Azulfin é um medicamento que tem na sua composição Azulfin, um composto que possui ação antibacteriana, antifúngica e antimicótica, sendo indicado para tratar infecções causadas por microrganismos sensíveis à Azulfin.   Como usar Azulfin pela primeira vez:  Antes de usar Azulfin, deverá falar com o seu médico se estiver grávida ou amamentando, tiver alguma doença grave ou se estiver a tomar outros medicamentos.  Azulfin é um medicamento para uso oral, que apenas deve ser tomado de acordo com indicação médica.  O tratamento com Azulfin nunca deve ser interrompido sem conhecimento do seu médico e os horários, as doses e duração do tratamento devem ser rigorosamente respeitados.   Em caso de toma excessiva de Azulfin, deve dirigir-se ao hospital mais próximo, levando a embalagem ou bula do medicamento.   Azulfin por cada comprimido contém:  Azul
161;Imescard;Quais são os processos biológicos desencadeados por Imescard?;Imescard pomada; Imescard é um medicamento que atua como um potente estimulante do apetite, aumentando a absorção de nutrientes e a produção de energia.  Os processos biológicos desencadeados por Imescard são: 1. Incremento da absorção de proteínas, carboidratos e gorduras. 2. Incremento da produção de energia. 3. Incremento da produção de hormônios. 4. Incremento da absorção de ferro. 5. Incremento da absorção de zinco.   Quais são as contra-indicações de Imescard?[/INSTSys]  Imescard não deve ser usado em casos de hipersensibilidade a qualquer um dos componentes da fórmula.  Imescard não deve ser usado por pacientes com diabetes, pois contém açúcar na composição.  Imescard não deve ser usado por pacientes com problemas de fígado.   A dose recomendada de Imescard é de 1 cápsula
50;Ceftriax;Qual é o propósito principal de Ceftriax na área da saúde?;Usado para tratar infecções causadas por bactérias sensíveis à ceftriaxona, como gonorreia, infecção articular ou infecção da pele.; Ceftriax é um antibiótico da classe das cefalosporinas, utilizado para tratar infecções causadas por bactérias sensíveis às cefalosporinas, como infecções do trato respiratório superior, infecções do trato respiratório inferior, infecções da pele e tecidos moles, infecções ósseas, infecções dentárias, infecções da boca, infecções gastrintestinais, infecções urinárias, infecções do trato geniturinário, infecções da pele e tecidos moles, infecções urogenitais, infecções da pele e tecidos moles, infecções da pele e tecidos moles, infecções da pele e tecidos moles, infecções da pele e tecidos moles, infecções da pele e tecidos moles, infecções da pele e tecidos moles, infecções da pele e tecidos moles, infecções da pele e tecidos moles, inf
519;Profenid Bula;Qual é o propósito principal de Profenid Bula na área da saúde?;O Profenid é um medicamento antiinflamatório, analgésico e antitérmico, sendo indicado no tratamento de inflamações e dores decorrentes de processos reumáticos, traumatismos e de dores em geral.; O Profenid Bula é um medicamento que tem como propósito principal o tratamento de casos de inflamação aguda e crônica, como osteoartrite, artrite, espondilite anquilosante, tendinite, tenossinovite, bursite, fibrosite, periartrite dos ombros, periartrite dos quadris, periartrite dos pés, gota aguda, dor pós-operatória, dismenorréia, sinusite, otite, orquite, inflamação da garganta, inflamação da faringe, inflamação da laringe, inflamação da traqueia, inflamação da pele e tecidos moles, inflamação das mucosas, inflamação dos olhos, inflamação dos ouvidos, inflamação dos nervos, inflamação dos ossos, inflamação dos tendões, inflamação dos músculos, inflamação dos ligamentos, inflamação dos vasos sanguíneos, inflamação dos capilares, inflamação da pele, inflama
687;Slow K;Como funciona Slow K?;Este medicamento consite por uma fórmula de liberação lenta e sustentada de cloreto de potássio (KCl). Desta forma, o Slow K, permite a liberação de KCl para o organismo, em quantidades adequadas durante todo o dia.; Slow K é um suplemento alimentar que auxilia na redução do apetite, pois aumenta a sensação de saciedade, o que leva a uma diminuição do consumo de alimentos. Além disso, Slow K também auxilia na redução do peso corporal.   Como usar Slow K por primeira vez:  Para usar Slow K pela primeira vez, deve-se tomar 1 cápsula por dia, de preferência à noite, antes de deitar.  Ao se utilizar Slow K pela primeira vez, é recomendado que consulte o seu médico ou nutricionista para que possam ser feitos ajustes na dose.  A dose recomendada de Slow K é de 1 cápsula por dia, de preferência à noite, antes de deitar.  A duração do tratamento com Slow K deve ser indicada pelo seu médico ou nutricionista.   A bula do medicamento não refere efeitos colaterais.   A bula do medicamento não refere contraindicações.   Slow K
255;Epipen;Qual é o propósito principal de Epipen na área da saúde?;Epipen Jr 0,15 mg ou Epipen 0,3 mg é indicado para o tratamento de emergência de reações alérgicas agudas, em adultos e crianças.; O Epipen é uma solução injetável de epinefrina que serve como medida de emergência para o tratamento de reações alérgicas graves, como asma brônquica, em adultos e crianças.  Além disso, o Epipen também pode ser usado no tratamento de reações alérgicas em pessoas que usam insulina para tratar diabetes tipo 1.   Como usar o Epipen pela primeira vez:  Antes de usar o Epipen pela primeira vez, deve-se verificar se o medicamento está intacto e não temperado.  Deve-se colocar o Epipen em uma posição vertical, com a extremidade da solução que contém a solução de epinefrina para cima, e segurar o medicamento com o dedo indicador e o médio.  Deve-se pressionar a extremidade da solução de epinefrina até que o medicamento seja injetado.  A dose recomendada de Epipen é de 0,3 mL, que
521;Azimix comprimidos;Como Azimix comprimidos atua no organismo para produzir seus efeitos?;O Azimix contém azitromicina que é uma substância capaz de se ligar às bactérias que estão causando infecção e impedir a formação de proteínas. Desta forma, a bactéria deixa de ter as proteínas necessárias para se multiplicar, acabando por morrer e desaparecer.; Azimix comprimidos é um medicamento que atua no organismo de forma direta, pois é um medicamento que possui na sua composição uma combinação de vitaminas e minerais essenciais para o bom funcionamento do organismo.  Azimix comprimidos possui na sua composição:  Vitamina A, que é essencial para o bom funcionamento dos olhos, pele, cabelo e unhas, além de ser importante para o crescimento e fortalecimento dos ossos.  Vitamina C, que é importante para o bom funcionamento do sistema imunológico, e também é necessário para a formação de colágeno. Além disso, a Vitamina C é também necessária para a conversão de fitina em colesterol, que é importante para a saúde cardiovascular.  Vitamina D, que é importante para a absorção de cálcio nos ossos, pois é necessário para a formação de colágeno. Além disso, a Vitamina D é importante para a saúde ósse
154;Tamiram;Quais são os processos biológicos desencadeados por Tamiram?;O levofloxacino é rápida e quase completamente absorvido após a administração oral.; Tamiram é um medicamento que atua como um estimulante do apetite, aumentando a absorção de nutrientes e a saciedade, o que leva a uma redução do apetite e consequentemente a uma perda de peso. Além disso, Tamiram também atua como um estimulante do apetite em pacientes com doenças que causam perda de apetite, como câncer, diabetes, esclerose múltipla, HIV/AIDS, síndrome de Crohn e colite ulcerosa.  Também é indicado para o tratamento de pacientes com anorexia mental, bulimia nervosa, esquizofrenia, depressão, transtorno de pânico, transtorno obsessivo-compulsivo, transtorno do pânico, transtorno do estresse pós-traumático, transtorno de ansiedade generalizada e transtorno de ansiedade social.   A dose recomendada de Tamiram é de 1 comprimido, 2 vezes
375;Lidogel;Qual é o propósito principal de Lidogel na área da saúde?;É um lubrificante com ação anestésica que pode ser usado na uretra durante a realização de exames ou tratamento de infecções que causem dor na uretra, como infeção da bexiga ou uretra.; O Lidogel é um gel de alívio de dor, que pode ser usado em feridas, queimaduras, lesões, contusões, distensões, fraturas, dores musculares, dores de dente, dores nas costas, dores nas articulações, dores nas pernas, dores nas costas, dores nas juntas, dores nas mãos, dores nas pés, dores na testa, dores na barriga, dores no pescoço, dores no peito, dores no abdômen, dores nos ombros, dores no braço, dores no tornozelo, dores na coluna, dores na nuca, dores na parte superior do braço, dores na parte superior do braço, dores na parte superior do braço, dores na parte superior do braço, dores na parte superior do braço, dores na parte superior do braço, dores na parte superior do braço, dores na parte superior do braço, dores na parte superior do braço, dores na parte superior do
218;Glipizida;Em que circunstâncias eu não deveria utilizar Glipizida?;Hipersensibilidade às sulfoniluréias, diabetes juvenil, insuficiência renal e hepática grave, gravidez, lactação, acidose significante, cetoacidose, cetose significante, grande cirurgia, coma diabético, infecção grave, queimaduras graves, trauma grave e pacientes geriátricos.; Glipizida é um medicamento que está indicado apenas para o tratamento de diabetes mellitus tipo 2, em adultos. Não deve ser usado em crianças e adolescentes com menos de 18 anos, nem em pessoas com alergia à Glipizida ou a qualquer outro componente da fórmula.  Como assistente prestativo, eu não deveria utilizar Glipizida em casos de diabetes mellitus tipo 1, crianças e adolescentes com menos de 18 anos, pessoas com problemas de rins, fígado ou coração, que estejam a fazer tratamento com insulina ou outros medicamentos para a diabetes, ou em casos de doenças ou problemas no fígado.   Como assistente prestativo, eu deveria utilizar Glipizida de acordo com as indicações dadas pelo médico, respeitando sempre os horários, as doses e a duração do tratamento.  A dose inicial de Glipizida é de 50 mg, uma
187;Nevralgex;De que maneira Nevralgex deve ser administrado?;Adultos: 1 a 2 comprimidos de 3 a 4 vezes ao dia. Não ultrapassar estes limites. Superdosagem: em caso de superdosagem aguda de Nevralgex, a absorção do medicamento deve ser reduzida por indução de êmese, lavagem gástrica, administração de carvão ativado ou pela combinação das três medidas. Deve-se manter o paciente hidratado, sob rigoroso controle do equilíbrio acidobásico e monitorização das condições respiratórias, cardíacas e neurológicas. Fisostigmina, na dose de 0,5 a 2 mg por via subcutânea, endovenosa ou intramuscular, repetida a cada 1 ou 2 horas, é o antídoto dos efeitos anticolinérgicos da orfenadrina, quando estes forem muito intensos. Sua utilização deve ser ponderada, pois ela pode produzir vários efeitos cardíacos e respiratórios. Em caso de superdosagem não complicada é mais seguro aguardar a remissão espontânea da toxicidade do anticolinérgico. A orfenadrina é uma droga potencialmente tóxica e há relatos de mortes associadas à superdosagem (ingestão de 2 a 3 g de uma só vez). Efeitos tóxicos, tipicamente anticolinérgicos, podem ocorrer rapidamente em 2 horas, em intoxicação aguda, com convulsões, arritmias cardíacas e morte. A dipirona como antiinflamatório não hormonal, em doses tóxicas pode também produzir sintomas centrais excitatórios, além de alterações do equilíbrio acidobásico, náuseas, vômitos e fenômenos hemorrágicos. A cafeína tem ação estimulante central, podendo acentuar os sintomas excitatórios das duas drogas anteriores. Pacientes idosos: não há informações relacionando a idade com os efeitos do uso do produto em pacientes idosos. Entretanto pacientes idosos são suscetíveis a apresentar um certo grau de confusão mental como reação adversa ocasional.; Nevralgex deve ser administrado por um profissional de saúde, por via intramuscular ou por via intravenosa lenta.  A dose usual é de 1 ampola de 10 ml por dia, de preferência à noite, antes do deitar.  A duração do tratamento deve ser determinada pelo médico.   Como o Nevralgex é um medicamento injetável, não há risco de tomar uma dose excessiva.   Cada ampola de 10 ml de Nevralgex contém:  Cloridrato de lidocaína0,1 g  Veículo q.s.p. 10 ml  (Veículo: manitol, hidróxido de sódio e água para injeção).   Nevralgex deve ser armazenado em temperatura ambiente, entre 15°C e 30°C, protegido da luz e umidade.   Nevralgex é um medicamento que tem na sua composição cloridrato de lidocaína, um anestésico local de ação curta,
493;Serofene;Quais são as orientações específicas para utilizar Serofene?;O tratamento com Serofene deve ser feito através de ciclos de tratamento de 5 dias, sendo necessário passar para o 2º ou 3 º ciclo apenas se o primeiro não surtir efeito.; Serofene é um medicamento que tem na sua composição clomiphene citrato, que é um esteroide que estimula a produção de hormônios sexuais por parte do hipotálamo.  Serofene é indicado para o tratamento de casos de infertilidade, em mulheres que não estão a amamentar e que não têm doenças ou problemas no organismo que possam ser a causa da infertilidade.  A dose recomendada de Serofene é de 50 mg, 1 comprimido, por dia, de preferência sempre à mesma hora, de acordo com as indicações dadas pelo médico.  Os comprimidos de Serofene devem ser engolidos inteiros, juntamente com um copo de água, sem partir ou mastigar.   Alguns dos efeitos colaterais de Serofene podem incluir aumento do tamanho das mamas, aumento do tamanho do clítoris, aumento do volume das mamas, aumento do tamanho das uretras, aumento
414;Renapril;De que maneira Renapril deve ser administrado?;"Como a absorção do Renapril não é afetada pela ingestão de alimentos, os comprimidos podem ser administrados antes, durante ou após as refeições. A dose inicial no tratamento da hipertensão essencial é de 10 a 20mg, dependendo do grau de hipertensão, e pode ser dada uma vez ao dia. Em hipertensão leve, a dose inicial recomendada é de 10 mg por dia. A posologia de manutenção usual é de 20mg tomados uma vez ao dia. A posologia deve ser ajustada de acordo com as necessidades do paciente, até o máximo de 40mg por dia.Hipertensão renovascular: como a pressão arterial e a função renal nesses pacientes podem ser particularmente sensíveis à inibição da ECA, o tratamento deve ser iniciado com uma dose inicial menor (com 5 mg ou menos). A posologia então deve ser ajustada de acordo com as necessidades do paciente. É presumível que a maioria dos casos responda a um comprimido de 20mg ao dia.Terapia diurética concomitante em hipertensão: pode ocorrer hipotensão sintomática em seguida a dose inicial de Renapril, isto ocorre mais em pacientes que vêm sendo tratados com diuréticos. Recomenda-se cautela, portanto, com estes pacientes, pois eles podem estar depletados de sal ou volume. A terapia diurética deve ser descontinuada por 2 a 3 dias antes do início do tratamento com o Renapril. Se isto não for possível, a dose inicial do Renapril deve ser baixa (5mg ou menos) para determinar o efeito inicial sobre a pressão arterial. A posologia então deve ser ajustada às necessidades do paciente.Insuficiência renal: geralmente, o intervalo entre as doses do Renapril deve ser prolongado e/ou a posologia diminuída.*Veja precauções - Pacientes sob a emodiálise;** O enalaprilato é dialisável. Nos dias em que o paciente não for submetido à diálise, a posologia deve ser ajustada à resposta da pressão normal.Insuficiência cardíaca / Disfusão ventricular esquerda assintomática: a dose inicial de Renapril em pacientes com insuficiência cardíaca sintomática ou disfunção ventricular esquerda assintomática é de 2,5mg e deve ser administrada sob rígida supervisão médica, para se determinar o efeito inicial sobre a pressão arterial. Na ausência de, ou após tratamento efetivo da hipotensão sintomática consequente ao início da terapia da insuficiência cardíaca com Renapril,a dose deve ser aumentada gradualmente até a dose de manutenção habitual de 20mg, dada em tomada única diária ou em duas doses divididas, conforme a tolerabilidade do paciente. Essa titulação da dose pode ser realizada em um período de 2 a 4 semanas, ou menos, se indicando pela presença de sinais ou sintomas residuais de insuficiência cardíaca. Em pacientes com insuficiência cardíaca sintomática, essa posologia foi eficaz para reduzir a mortalidade.A pressão arterial e a função renal devem ser monitorizadas cuidadosamente tanto antes como depois de iniciar o tratamento com Renapril (veja PRECAUÇOES), pois foram relatadas hipotensão e (mais raramente) insuficiência renal consequente. Em pacientes tratados com diuréticos, a dose deveria ser reduzida, se possível, antes de iniciar o tratamento com Renapril. O aparecimento de hipotensão após a dose inicial de Renapril não implica que ela ocorrerá durante a terapia crônica e não contra-indica o uso continuado de Renapril. O potássio sérico também deve ser monitorizado."; Renapril é um medicamento que pode ser administrado por via oral, injetável ou por via intravenosa. A dose recomendada e a duração do tratamento com Renapril devem ser indicadas pelo seu médico, pois estas dependem da gravidade do problema a tratar e da resposta individual de cada paciente ao tratamento.  Veja como melhorar o efeito deste remédio.   Alguns dos efeitos colaterais de Renapril podem incluir tontura, dor de cabeça, vertigem, náusea, vômito, diarreia, prisão de ventre, boca seca, perda de apetite, sonolência, cansaço, fraqueza, dor nas articulações, perda de peso, dor de garganta, tosse, alergia, coceira, urticária, vermelhidão, inchaço, dor de estômago, indigestão, diarreia, prisão de ventre, gases, má digestão, gastrite, infl
483;Sorine;De que maneira Sorine deve ser administrado?;Bastante flexível e ampla, já que mesmo irrigações generosas não alteram o movimento ciliar ou são capazes de produzir algum inconveniente. Em instilações, pode-se usar 2 a 4 gotas, 4 a 6 vezes ao dia.Instruções de uso:Aplique a solução nas narinas, conforme necessidade.1. O conta-gotas já está acoplado ao frasco. Abra o frasco, quebrando o lacre que encontra-se na tampa do conta-gotas através do giro da tampa no sentido antihorário.2. Não introduzir o conta-gotas nas narinas. Apertar o bulbo do conta-gotas para instilar o produto. Se eventualmente  ocorrer contato com a narina, não desapertar o bulbo para evitar que a secreção nasal seja aspirada . 3. Lavar e ferver o conta-gotas antes de fechar o frasco. Manter o frasco em uso sempre fechado, rosqueando completamente a tampa do conta-gotas (fig. 3). O contagotas funciona como tampa. Man te nha-o colocado no frasco após o uso. O frascodeve ser guardado no interior do cartucho.; Sorine deve ser administrado por via oral, de preferência após as refeições. A dose usual é de 1 colher de sopa (10 mL) antes das refeições, nunca excedendo a dose máxima de 30 mL/dia.  A dose pode ser aumentada ou diminuída de acordo com a necessidade e a orientação do médico.   O uso de Sorine pode provocar efeitos secundários como náuseas, vômitos, diarreia, dor abdominal, prisão de ventre, gases, dor de cabeça, tontura, sonolência, dor de barriga, gastrite, inflamação do estômago, gases, dor de estômago, refluxo, azia, má digestão, gastrite, gastrite ulcerosa, inflamação do esôfago, inflamação do esôfago, inflamação do intestino delgado, inflamação do intestino grosso, inflamação do cólon, cólicas abdominais
710;Reconter;Quais são as contraindicações para Reconter?;Não deve ser usado em mulheres grávidas ou que estejam a amamentar, problemas cardíacos ou pessoas com alergia a qualquer componente da fórmula. Não deve ser tomado sem que o médico verifique interações com outros medicamentos.; Reconter não deve ser usado em casos de hipersensibilidade a qualquer um dos componentes da fórmula.  Não há contraindicações específicas para Reconter.   Reconter é um produto que pode ser usado em casos de desidratação, como por exemplo, após uma cirurgia ou após um acidente.  Reconter pode ser usado em adultos e crianças.   Reconter é um produto que tem na sua composição água, potássio e magnésio, que são essenciais para o organismo.  Reconter ajuda a reidratação e a recuperação do potássio, magnésio e cálcio, que podem estar alterados após uma cirurgia ou após um acidente.   Reconter pode ser usado em casos de desidratação, como por exemplo, após uma cirurgia ou após um acidente.  Reconter deve ser usado de acordo com as seguintes instruções de utilização: começar por colocar o frasco no interior da gotejadora, seg
386;Posicor (Mibefradil);Para que serve Posicor (Mibefradil)?;O Posicor é indicado na hipertensão essencial e hipertensão renal, podendo ser usado sozinho ou em combinação com outros anti-hipertensivos.; Posicor (Mibefradil) é um medicamento indicado para o tratamento da hipertensão (pressão alta) e da angina (dor no peito).  Uso adulto - Uso oral   Posicor (Mibefradil) é um medicamento que reduz a pressão arterial e alivia a dor no peito (angina).  Posicor (Mibefradil) é um medicamento que age no coração e nos vasos sanguíneos.   Posicor (Mibefradil) deve ser tomado uma vez ao dia, com ou sem alimentos.  A dose inicial usual é de 10 mg uma vez ao dia.  Se a dose diária de 10 mg não for suficiente para controlar a pressão arterial, pode ser aumentada para 20 mg uma vez ao dia.  A dose máxima recomendada é de 40 mg uma vez ao dia.  Veja como melhorar o efeito deste remédio.   Posicor (Mibefradil) é ger
640;Nicotinell;Qual é o propósito principal de Nicotinell na área da saúde?;Nicotinell 7 mg, 14 mg ou 21 mg é indicado para fumadores para diminuição e abandono do hábito de fumar, no tratamento de sintomas associados à síndrome de abstinência de nicotina como irritabilidade, frustração, raiva, ansiedade, agitação, insônia e dificuldade de concentração, em adultos.; O propósito principal de Nicotinell é ajudar a reduzir o consumo de nicotina, principalmente através do tabagismo. Nicotinell pode ser usado como auxiliar no tratamento de pacientes que desejam parar de fumar, mas que tenham dificuldade em fazer isso. Nicotinell também pode ser usado como auxiliar no tratamento de pacientes que desejam parar de usar injeções de nicotina.  Nicotinell pode ser usado por pacientes que desejam parar de fumar, mas que tenham dificuldade em fazer isso. Nicotinell pode ajudar a reduzir o consumo de nicotina, principalmente através do tabagismo.  Nicotinell pode ser usado como auxiliar no tratamento de pacientes que desejam parar de usar injeções de nicotina.  Nicotinell pode ser usado por pacientes que desejam parar de usar injeções de nicotina. Nicotinell pode ajudar a reduzir o
395;Yaz flex;Qual é a finalidade do medicamento Yaz flex?;O Yaz flex é um anticoncepcional indicado para prevenir a gravidez, podendo também proporcionar benefícios adicionais como melhora dos sintomas associados à retenção de líquido, como distensão abdominal, inchaço ou ganho de peso.; Yaz Flex é um medicamento que combate a acne, aliviando os sintomas da acne como pápulas, cravos e pústulas, e ajuda a melhorar a aparência da pele. Além disso, também ajuda a reduzir o tamanho dos cravos e melhora a textura da pele.  Também é indicado para o tratamento da osteoporose em mulheres na pós-menopausa, que apresentam risco aumentado de fraturas.   Como usar Yaz Flex pela primeira vez:  A dose recomendada é de 1 comprimido por dia, de preferência sempre à mesma hora, juntamente com um copo de água.  Caso ocorra esquecimento de uma dose, deve-se tomar o comprimido esquecido logo que se lembre, porém, se já se encontrar muito próximo do horário da dose seguinte, deve-se pular a dose esquecida e tomar apenas o comprimido do horário seguinte.  A dur
383;Nicotinell;Quais são os processos biológicos desencadeados por Nicotinell?;Nicotinell tem na sua composição Nicotina, sendo um medicamento que vai ajudar a diminuir significativamente a intensidade do desejo de fumar.; Nicotinell é um medicamento que contém Nicotinell, um composto que atua no organismo como um suplemento vitamínico e que ajuda a combater a fadiga física e mental.  Nicotinell ajuda a melhorar a concentração, atenção e memória, e a prevenir o envelhecimento precoce.  Além disso, também ajuda a tratar sintomas de deficiência de Vitamina B7, como cansaço, fraqueza muscular, perda de peso e cabelos brancos.   A dose recomendada de Nicotinell é de 1 comprimido, 3 vezes ao dia.  Os comprimidos de Nicotinell devem ser engolidos inteiros, sem partir ou mastigar, com um copo de água.   A bula do medicamento não refere efeitos colaterais possíveis.   Nicotinell está contraindicado para pacientes com alergia a algum dos componentes da fórmula.   Antes de usar Nicotin
550;Zelboraf;Quais são as instruções para o uso correto de Zelboraf?;Geralmente, a dose recomendada de Zelboraf é de 4 comprimidos de 240 mg, administrados 2 vezes por dia, de 12 em 12 horas, totalizando uma dose diária de 8 comprimidos por dia.; Zelboraf é um medicamento que apenas deve ser usado por pacientes adultos com melanoma metastático ou inoperável.  As instruções para o uso de Zelboraf são as seguintes: 1. Retirar a tampa protetora do frasco.2. Abrir o frasco e encaixar o bico adaptador no orifício do frasco, que está na parte de baixo do frasco, usando a ponta do dedo indicador.3. Encaixar o frasco no adaptador, que está na parte superior do frasco, usando a ponta do dedo indicador.4. Fechar o frasco e encaixar a tampa protetora.5. Preparar a solução de Zelboraf: a solução de Zelboraf deve ser preparada usando 2 mL de água para injeção.6. Injectar a solução de Zelboraf: a solução de Zelboraf deve ser injetada na veia, por via intravenosa, durante cerca de 6
81;Coumadin;Há alguma condição específica em que o uso de Coumadin é desaconselhado?;Coumadin na gravidez e lactação: você não deve utilizar este medicamento se estiver grávida, exceto se você possuir válvula cardíaca mecânica com alto risco de trombose.; Não há nenhuma condição específica em que o uso de Coumadin é desaconselhado. Este medicamento pode ser usado em qualquer pessoa, independentemente de idade, sexo ou raça.  A dose inicial de Coumadin é de 2 a 5 mg, dependendo da dose de warfarina, que deve ser administrada em dose única diária. A dose de manutenção é de 2 a 10 mg, administrada em dose única diária. A dose máxima é de 20 mg.  A dose de manutenção de Coumadin deve ser ajustada individualmente, de acordo com a resposta do paciente. A dose pode ser aumentada ou diminuída, em incrementos de 2 a 5 mg, até que uma dose de manutenção eficaz seja atingida.  A dose de manutenção eficaz de Coumadin é de 2 a 10 mg, administrada em dose única diária. A dose máxima recomendada é
241;Sineflex;Quais são os princípios do funcionamento de Sineflex?;Sineflex é um suplemento alimentar queimador de gordura e termogênico, que apresenta um sistema bloqueador de gordura e propriedades estimulantes termogênicas. Sineflex possui na sua fórmula uma combinação de cafeína e sinefrina, que promovem o aumento na quantidade de denosina 3′,5′- monofosfato cíclico, o que resulta num forte estímulo na quebra de gordura.; Sineflex é um medicamento que atua no sistema nervoso central, exercendo um efeito anestésico.  O efeito anestésico de Sineflex é obtido através da ação de um composto chamado cloridrato de fentanil, que é um analgésico de ação central, responsável por produzir a anestesia.  Além disso, Sineflex também apresenta um efeito relaxante sobre o músculo esquelético, o que permite uma anestesia completa.   Sineflex é contraindicado em pacientes com conhecida hipersensibilidade aos componentes da fórmula.  Sineflex não deve ser utilizado por pacientes com doenças ou problemas no fígado.  Sineflex não deve ser utilizado por mulheres grávidas sem orientação médica.   Sineflex é um medicamento que apenas deve ser administrado por um médico ou enfermeiro.  As doses de Sineflex devem ser calculadas pelo médico, de acordo com o peso e altura
23;Clozapina;Qual é a finalidade do medicamento Clozapina?;Clozapina é indicada para o tratamento da esquizofrenia, transtorno esquizoafetivo e para o tratamento de distúrbios do pensamento, emocionais e comportamentais da doença de Parkinson, em adultos.; A finalidade do medicamento Clozapina é o tratamento da esquizofrenia e de outros distúrbios psicóticos, aliviando os sintomas de agitação, inquietação, alucinações, delírios, distúrbios do pensamento, hostilidade, agressividade e comportamento suicida.   Como você não é um paciente, não deve tomar este medicamento.  Você deve usar este medicamento apenas sob orientação de um médico.  Não interrompa o tratamento sem o conhecimento do seu médico.   A dose inicial recomendada de Clozapina é de 12,5 mg, uma vez ao dia.  A dose pode ser aumentada gradualmente, de 12,5 mg a 37,5 mg, uma vez ao dia, até que se obtenha uma resposta terapêutica satisfatória.  A dose diária máxima recomendada é de 60 mg.  Veja como melhorar o efeito deste remédio.   Os efeitos col
427;Glipizida;Quais são as instruções para o uso correto de Glipizida?;Via oral, deve ser individualizada. Para maior eficácia, deve ser administrado 30 minutos antes de uma refeição. A dose inicial é de 5 mg (1 comprimido) antes do desjejum. Pacientes idosos ou aqueles com doença hepática podem receber inicialmente 2,5 mg. A dose diária é de 40 mg. Superdosagem: a superdosagem de sulfoniluréias pode causar hipoglicemia grave. Tratamento: sintomas de hipoglicemia leve, sem perda de consciência ou sintomas neurológicos devem ser tratados imediatamente com glicose via oral e, ajuste na dose da droga e/ou no padrão de alimentação. Cuidadosa observação médica deverá ser feita até que se assegure que o paciente esteja fora de perigo. Reações hipoglicêmicas severas com convulsões, coma e outros distúrbios neurológicos, não ocorrem com freqüência, mas devem ser consideradas como emergências médicas, requerendo hospitalização imediata. Se houver suspeita ou for diagnosticado coma hipoglicêmico, o paciente deve receber uma rápida injeção intravenosa de solução glicosada concentrada (50%). Este procedimento deve ser seguido por uma infusão contínua de solução glicosada mais diluída (10%) em uma velocidade de infusão que mantenha níveis de glicemia acima de 100 mg/dl. Esses pacientes devem ser cuidadosamente observados por um período mínimo de 24 a 48 horas, uma vez que a hipoglicemia pode ocorrer após aparente melhora clínica.; Glipizida é um medicamento que deve ser usado de acordo com as seguintes instruções de utilização: 1. Antes de usar Glipizida, deve-se falar com o médico se a pessoa tiver diabetes mellitus, doença cardíaca, problemas de fígado, rins ou coração, tiver mais de 65 anos, estiver grávida ou amamentando ou se estiver a tomar outros medicamentos, incluindo medicamentos sem receita médica. 2. A dose inicial recomendada de Glipizida é de 5 mg uma vez por dia. Se a pessoa não puder controlar a glicemia com esta dose, deve-se falar com o médico para ajustar a dose. 3. A dose diária de Glipizida deve ser tomada sempre no mesmo horário, com ou sem alimentos. 4. A duração do tratamento com Glipizida deve ser ajustada de acordo com a pessoa e a sua resposta ao tratamento. 5. Glipizida não deve ser
552;Osteotrat;Quais são os processos biológicos desencadeados por Osteotrat?;O Osteotrat é um medicamento à base de risedronato sódico, que inibe a perda de material ósseo e preserva a mineralização do osso.; Osteotrat é um medicamento que tem na sua composição Vitamina D3, que atua nos processos de absorção e utilização do cálcio no organismo. Assim, Osteotrat é um medicamento que auxilia na formação e reparação das ossos.  Osteotrat é um medicamento que auxilia na formação e reparação das ossos.  Os processos biológicos desencadeados por Osteotrat são:  Absorção de cálcio: Osteotrat auxilia na absorção de cálcio, que é necessário para a formação e reparação das ossos.  Utilização de cálcio: Osteotrat auxilia na utilização de cálcio, que é necessário para a formação e reparação das ossos.  Auxilia na formação de ossos: Osteotrat auxilia na formação de ossos.  Auxilia na reparação de ossos: Osteotrat auxilia na reparação de ossos.  Auxilia na manutenção de ossos: Oste
69;Andriodermol;Quais são os princípios do funcionamento de Andriodermol?;Andriodermol é um medicamento antimicótico que tem na sua composição Ácido undecilênico, Undecilenato de zinco, Propionato de cálcio e Hexilresorcinol, compostos capazes de tratar micoses nas unhas e na superfície da pele. Estes compostos apresentam propriedades fungicida, fungistática, bacteriostática e bactericida, e são ativos contra alguns fungos patogênicos, incluindo Epidermophyton, Trichophyton e Microsporum sp.; Andriodermol é um creme antimicrobiano, cicatrizante e regenerador tisular, indicado para o tratamento de feridas leves e moderadas, queimaduras, lesões infectadas, úlceras varicosas, úlceras de estase, úlceras infectadas, feridas de perda de tecido, feridas de pós-trauma, feridas cirúrgicas infectadas, feridas de pressão, feridas com pus, feridas com infecção bacteriana, feridas com infecção fúngica, feridas com infecção mixta, feridas de perda de tecido, úlceras varicosas, úlceras infectadas, úlceras de estase, úlceras de decúbito, úlceras de mão, feridas de pós-trauma, feridas de cirurgia infectadas, feridas de cirurgia com infecção bacteriana, feridas de cirurgia com infecção fúngica, feridas de cirurgia com inf
598;Alivium;Qual é a posologia recomendada para Alivium?;Alivium gotas 100 mg; A posologia recomendada para Alivium é de 1 comprimido, 3 vezes ao dia, após as refeições e ao deitar.  Veja outros remédios que podem ser usados para tratar a tosse.   Os efeitos colaterais mais comuns que podem ocorrer com o uso de Alivium são náuseas, vômitos, dor de cabeça, tontura, sonolência, insônia, irritabilidade, agitação, tremores, vertigem, dor abdominal, prisão de ventre, diarreia, boca seca, dor de estômago, indigestão, gases, erupção cutânea, coceira, urticária, aumento da sensibilidade da pele ao sol, coceira, erupção cutânea, aumento da sensibilidade da pele ao sol, dor nas articulações, dor nas costas, dor muscular, dor nas juntas, dor nas mãos, dor nos pés, dor nas pernas, dor nas extremidades, dor nas art
350;Sonrisal;Qual é a posologia recomendada para Sonrisal?;A dose usual recomendada é de um a dois comprimidos de Sonrisal, dissolvidos em um copo pequeno de água, esperar completar a efervescência e beber de uma vez, podendo-se repetir o uso após 4 horas ou conforme necessário.; A posologia recomendada para Sonrisal é de 1 cápsula, 3 vezes ao dia, antes das principais refeições.  Veja outros remédios que podem ser usados para tratar a tosse.   A bula do medicamento não refere efeitos colaterais.   A bula do medicamento não refere contraindicações.   Sonrisal é um medicamento que tem na sua composição cloridrato de oxomemazina, um anti-histamínico que atua no organismo impedindo a ação da histamina, uma substância produzida pelo próprio corpo.  Assim, Sonrisal é eficaz no tratamento de sintomas associados a alergias, como tosse, coriza, espirros, coceira na garganta e nariz, ardor e coceira nos olhos.   A bula do medicamento não refere advertências e precauções.   Sonrisal é um medicamento que não apresenta açúcar na sua composição, por isso, não deve ser usado por
148;Multigrip;Qual é a posologia recomendada para Multigrip?;A dose recomendada é de 1 cápsula a cada 4 horas, não se devendo exceder 5 cápsulas por dia.; A posologia recomendada para Multigrip é de 1 a 2 comprimidos, 3 a 4 vezes ao dia, de acordo com a necessidade e indicações médicas.  Veja outros remédios com ação relaxante muscular.   Alguns dos efeitos colaterais de Multigrip podem incluir náusea, vômito, dor de cabeça, tontura, sonolência, dor abdominal, prisão de ventre, diarreia, boca seca, desconforto no estômago, indigestão, má digestão, gases, inflamação do estômago, inflamação do intestino, inflamação do cólon, inflamação do reto, inflamação do aparelho genital feminino, inflamação do aparelho genital masculino, dor nas costas, dor nas articulações, dor nas juntas, dor muscular, dor nas pernas, dor nas articulações, dor nas costas, dor no peito, tosse, falta de ar, bronquite
352;Cetaphil sabonete pele sensível;Há alguma condição específica em que o uso de Cetaphil sabonete pele sensível é desaconselhado?;Devido à sua formulação especial sem sabões e detergentes que ressequem a pele, pode ser usado em todos os tipos de pele, no rosto e no pescoço com segurança.; Não há nenhuma condição específica em que o uso de Cetaphil sabonete pele sensível é desaconselhado. Este sabonete pode ser usado em qualquer tipo de pele, sempre que necessário.   O Cetaphil sabonete pele sensível é usado diariamente, de manhã e à noite.  Deve-se aplicar o sabonete na pele, massagear até produzir espuma e de seguida passar a pele por água.   O Cetaphil sabonete pele sensível não deve ser usado em pessoas com alergia a qualquer um dos componentes da fórmula.   O Cetaphil sabonete pele sensível é formulado com ingredientes que reduzem a irritação e a sensibilidade da pele.  Este sabonete tem na sua composição óleo de amêndoas doces, que são uma das melhores proteções para a pele, e óleo de menta, que tem uma ação refrescante e anti-inflamatória.   O
216;Trombofob;Em que situações médicas é recomendado o uso de Trombofob?;Trombofob Pomada:distensões e contusõestromboflebites e tromboses superficiaisinfiltrados inflamatórios - hematomastenossinovites - epicondilitesflebites pós-injeções e venócliseTrombofob Gel:flebites e tromboflebites superficiaislesões desportivas e acidentais como hematomas, distensões e contusõestenossinovitesflebites pós-injeção endovenosa e venócliseêxtases venosas nas extremidadesContra-Indicações:tendência a hemorragiahipersensibilidade aos componentes da fórmulaincompatibilidade com anticoagulantes;" O uso de Trombofob é recomendado nas seguintes situações:  Prevenção da formação de trombos nas veias e vasos arteriais;	Prevenção da formação de trombos em cirurgias;	Prevenção da formação de trombos em doenças vasculares periféricas;	Prevenção da formação de trombos em doenças vasculares cerebrais;	Prevenção da formação de trombos em doenças vasculares múltiplas;	Prevenção da formação de trombos em doenças vasculares degenerativas.  Além disso, também pode ser usado no tratamento da trombose venosa profunda, em casos de trombose de veia profunda com risco de propagar para o sistema circulatório.   A dose recomendada é de 1 comprimido, 3 vezes ao dia, durante o período de tempo indicado pelo médico.   Os efeitos colaterais mais comuns são dor de cabeça, tontura, náusea, diarreia,"
305;Sinergen cápsulas;Quais são as orientações específicas para utilizar Sinergen cápsulas?;As cápsulas de Sinergenpodem ser ingeridas antes, durante ou após as refeições.; Para utilizar Sinergen cápsulas, você deve:  Abertura: Abrir o cartucho e encaixar o aplicador no bico da cápsula.	Virar: Virar a cápsula com o aplicador para o lado de cima, para que o aplicador fique na parte de baixo da cápsula.	Pressionar: Pressionar o aplicador para que o pó seja liberado.	Retirar: Retirar o aplicador da cápsula e colocar a cápsula de Sinergen no local onde você deseja aplicar o pó.	Manter: Manter o aplicador na posição vertical, com o bico da cápsula virado para cima, para que o pó possa ser liberado.	Colocar: Colocar o aplicador na posição vertical, com o bico da cápsula virado para cima, para que o pó possa ser liberado.	Aplicar: Aplicar o pó liberado do aplicador em uma pequena quantidade sobre a pele, no local
632;MabThera 100 e 500 mg;Quais são as orientações específicas para utilizar MabThera 100 e 500 mg?;Este medicamento deve ser administrado por um profissional de saúde.; As orientações específicas para utilizar MabThera 100 e 500 mg são as seguintes:  Utilizar MabThera 100 e 500 mg somente sob orientação médica.  Não utilizar MabThera 100 e 500 mg se você já teve uma reação alérgica a qualquer componente da fórmula.  Não utilizar MabThera 100 e 500 mg se você está grávida ou amamentando.  Não utilizar MabThera 100 e 500 mg se você tiver doença ou problemas no fígado.  Não utilizar MabThera 100 e 500 mg se você tiver doença do sistema imunológico.  Não utilizar MabThera 100 e 500 mg se você tiver doença do sistema nervoso.  Não utilizar MabThera 100 e 500 mg se
670;Diamicron;Existem reações adversas conhecidas de Diamicron?;O efeito indesejável mais comum é a diminuição acentuada da quantidade de açúcar no sangue com aparecimento de dor de cabeça, fome intensa, náuseas, vômitos, cansaço, distúrbios do sono, falta de concentração, depressão, confusão mental, distúrbios da fala ou visão, tremores, vertigem e sensação de impotência.; Não existem relatos de reações adversas associadas ao uso de Diamicron.  Este medicamento não deve ser utilizado em pessoas com hipersensibilidade a qualquer um dos componentes da fórmula.  Não há relatos de superdosagem com Diamicron.  Cada comprimido revestido contém:  Diamicron 10 mg  Excipientes q.s.p. 1 comprimido  (Excipientes: lactose monoidratada, celulose microcristalina, croscarmelose sódica, estearato de magnésio, hipromelose, dióxido de titânio, macrogol, talco, óxido de ferro amarelo, óxido de ferro vermelho).   Conservar o medicamento em temperatura ambiente (entre 15°C e 30°C).  Proteger da luz e manter em lugar seco.  Prazo de validade: 24 meses a partir da data de fabricação (vide embalagem externa do produto).  N
629;Dulcolax;Quais os males que Dulcolax pode me causar?;Reações desagradáveis são raras quando se usa o produto por pouco tempo.; Dulcolax é um medicamento que tem na sua composição bisacodil, um composto que causa a evacuação e que pode causar alguns males como:  Náuseas, vômitos, diarreia, dor abdominal, prisão de ventre, dor de cabeça, tontura, sonolência, cansaço, fraqueza muscular, dor nas costas, dor nas articulações, dor nas mãos e pés, sensação de desmaio, dor abdominal, dor na parte superior do estômago, dor abdominal, cólicas, dor de estômago, gases, sangramento retal, sangramento vaginal, vontade de evacuar, vontade de urinar, inchaço, coceira, erupção cutânea, urticária, dores musculares, dores nas articulações, dores nas costas, dores nas mãos, dores nos pés, sensação de desmaio, tontura, sonolência, cansaço, fraqueza muscular
434;Xantinon;Existem reações adversas conhecidas de Xantinon?;Alguns dos efeitos colaterais de Xantinon podem incluir; Não existem relatos de reações adversas conhecidas associadas ao uso de Xantinon.  É possível que novas reações adversas surjam durante o uso do medicamento. Nesse caso, informe seu médico.  Não use Xantinon caso sinta algum tipo de reação alérgica ou incomum.  Informe seu médico sobre qualquer medicamento que esteja usando, antes do início, ou durante o tratamento.  Xantinon não deve ser usado por pacientes com hipersensibilidade conhecida ao Cloridrato de Colina ou a qualquer componente da fórmula.  Informe seu médico sobre qualquer medicamento que esteja usando, antes do início, ou durante o tratamento.  Xantinon não deve ser usado por mulheres grávidas ou lactantes, sem orientação médica.  Informe seu médico se estiver amamentando.  Xantinon não deve ser usado por crianças menores de 12 anos de idade.  Não há recomendações específicas para pa
591;Zovirax comprimido;De que maneira Zovirax comprimido deve ser administrado?;A posologia depende do objetivo do tratamento.; Zovirax comprimido deve ser administrado por via oral, com ou sem alimentos, de preferência sempre à mesma hora. A dose recomendada de Zovirax comprimido para adultos é de 800 mg, o que equivale a 4 comprimidos de 200 mg, administrados 3 vezes ao dia, com intervalos de aproximadamente 8 horas entre cada administração. Para crianças, a dose recomendada é de 30 mg/kg, o que equivale a 1 ml de Zovirax suspensão pediátrica para cada 1 kg de peso da criança, administrados 3 vezes ao dia, com intervalos de aproximadamente 8 horas entre cada administração. A dose recomendada e a duração do tratamento com Zovirax comprimido devem ser indicadas pelo seu médico, pois estas dependem da gravidade do problema a tratar e da resposta individual de cada paciente ao tratamento.   Alguns dos efeitos colaterais de Zov
518;Celebra 100 e 200mg;Quais são os princípios do funcionamento de Celebra 100 e 200mg?;Celebra contém na sua fórmula celecoxibe que atua como analgésico e anti-inflamatório, diminuindo os sintomas relacionados com inflamação e dor.; Celebra 100 e 200mg é um medicamento que tem na sua composição Citrato de cloridrato de celecoxibe, um composto que atua no organismo como um analgésico e antipirético.  O Celecoxibe atua no organismo inibindo a produção de prostaglandinas, responsáveis pela sensação de dor e inflamação.   A dose recomendada de Celebra 100 e 200mg é de 1 comprimido, 2 vezes ao dia, de preferência de manhã e à noite.  A duração do tratamento com Celebra 100 e 200mg deve ser indicada pelo seu médico, pois vai depender do problema a tratar e da resposta individual de cada paciente ao tratamento.   Alguns dos efeitos colaterais de Celebra 100 e 200mg podem incluir dor de cabeça, tontura, náusea, vômito, diarreia, prisão
56;Cedur;Qual é o propósito principal de Cedur na área da saúde?;Cedur ou Cedur​ Retard é indicado para hiperlipidemias primárias e secundárias, no tratamento do colesterol e triglicerídeos elevados, em adultos.; Cedur é um medicamento anticoncepcional que tem como propósito principal prevenir a gravidez. Além disso, Cedur também possui efeitos terapêuticos na regulação do ciclo menstrual, aliviando os sintomas associados à menstruação, como inchaço, sensibilidade, dor e calor.  Também possui efeitos terapêuticos na redução do colesterol e da pressão arterial.   Cedur é contraindicado em casos de hipersensibilidade a qualquer um dos componentes da fórmula.  Além disso, Cedur não deve ser usado em mulheres grávidas ou que possam estar grávidas.   Cedur deve ser tomado de acordo com as instruções da embalagem, sem mastigar e com um pouco de líquido.  A dose recomendada é de 1 comprimido por dia, de preferência sempre à mesma hora, juntamente com um pouco de líquido.  A duração do tratamento com C
592;Atlansil;Quais são os potenciais efeitos indesejados de Atlansil?;"Microdepósitos corneanos, fototoxicidade cutânea, pigmentação grisácea cutânea (todos reversíveis); sinais de hiper ou hipotireoidismo; pneumopatia intersticial difusa; neuropatia periférica (rara), elevação das transaminases; hepatopatia aguda (rara); hipotensão e flebite (forma injetável)."; Atlansil pode causar efeitos indesejados como náuseas, vômitos, diarreia, dor de cabeça, tontura, sonolência, insônia, irritabilidade, agitação, tremores, vertigem, dor de garganta, alergia, coceira, vermelhidão, inchaço, urticária, dor de estômago, gases, aumento de acidez no estômago, dificuldade em urinar, aumento de peso, aumento de açúcar no sangue, aumento de colesterol, aumento de peso corporal, aumento de gordura no sangue, aumento de colesterol, aumento de triglicérides, aumento de gordura no fígado, aumento de peso corporal, aumento de açúcar no sangue, aumento de colesterol, aumento de triglicérides, aumento de gordura no fígado, aumento de peso, aumento de colesterol, aumento de gordura no
459;Neolefrin;Qual é o propósito principal de Neolefrin na área da saúde?;Neolefrin Xarope ou Comprimidos é indicado para o tratamento da congestão nasal, coriza, dor e febre, em crianças e adultos.; Neolefrin é um medicamento que tem como propósito principal o tratamento sintomático da congestão nasal, coriza, espirros e obstrução nasal, além de aliviar a dor e desconforto causados por gripes e resfriados.  Também é indicado para o tratamento de outros tipos de rinite, como rinite alérgica, rinite vasomotora e rinite sazonal.   Neolefrin é contraindicado para pacientes com hipersensibilidade a qualquer um dos componentes da fórmula.  Não deve ser usado em crianças menores de 12 anos de idade, a não ser que seja recomendado pelo médico.   Adultos: a dose recomendada é de 2 comprimidos, 3 vezes ao dia.	Crianças de 12 a 15 anos: a dose recomendada é de 1 comprimido, 3 vezes ao dia.	Crianças de 6 a 12 anos: a dose recomendada é de me
60;Sintocalmy gotas;Quais são os princípios do funcionamento de Sintocalmy gotas?;O Sintocalmy atua no sistema nervoso central, exercendo um efeito sedativo.; Sintocalmy gotas é um medicamento que tem na sua composição extratos de plantas com ação relaxante muscular, que ajudam a aliviar a dor e o desconforto associados a contrações musculares involuntárias, como espasmos.  Além disso, Sintocalmy gotas também contém extratos de plantas com ação anti-inflamatória, que ajudam a reduzir a inflamação e a dor associada a inflamações.   A dose recomendada de Sintocalmy gotas é de 10 gotas, 3 vezes por dia.  Veja outros remédios que podem ser usados para tratar a dor muscular.   A bula do medicamento não refere efeitos colaterais.   Sintocalmy gotas está contraindicado para pacientes com alergia a algum dos componentes da fórmula.   Antes de usar Sintocalmy gotas, deverá falar com o seu médico se estiver grávida ou amamentando, tiver alguma doença grave ou
658;Equilid 50 mg;Em que circunstâncias eu não deveria utilizar Equilid 50 mg?;Pacientes com diagnóstico ou suspeita de feocromocitoma.; Equilid 50 mg não deve ser utilizado em casos de alergia ao cloridrato de paroxetina ou a qualquer outro componente da fórmula.  Também não deve ser usado em crianças, adolescentes com menos de 18 anos, grávidas ou mulheres que estejam a amamentar.   A dose usual é de 20 mg ao dia, podendo ser aumentada para 50 mg ao dia, caso seja necessário.  A dose máxima diária é de 50 mg.  A duração do tratamento é de 6 meses, podendo ser estendido por um período adicional de 6 meses, caso a resposta seja satisfatória.   Os efeitos colaterais mais comuns são boca seca, aumento do suor, agitação, tremores, insônia, sonolência, tontura, vertigem, visão turva, aumento da pressão arterial, palpitações, taquicardia, aumento do ritmo cardí
185;Trisorb;Quando não devo usar Trisorb?;A administração de Trisorb Solução Oftálmica Lubrificante é contraindicada a pacientes com alergia à dextrana, à hipromelose e ao glicerol ou a outros componentes da fórmula. Trisorb Solução Oftálmica Lubrificante apenas é indicado para os olhos, e nunca deve ser aplicado noutros locais.; Trisorb não deve ser usado em pessoas com alergia a qualquer um dos componentes da fórmula.  Não há restrições ou recomendações especiais para o uso de Trisorb em pacientes com idade acima de 65 anos.  Não há restrições ou recomendações especiais para o uso de Trisorb em pacientes com idade abaixo de 12 anos.  Não há restrições ou recomendações especiais para o uso de Trisorb em pacientes com doença renal.  Não há restrições ou recomendações especiais para o uso de Trisorb em pacientes com doença hepática.  Não há restrições ou recomendações especiais para o uso de Trisorb em pacientes com diabetes.  Não há restrições ou recomendações especiais para o uso de Trisorb em pacientes com hipertensão.  Não há restrições ou recomendações especiais para o uso de Trisorb em pacientes com doença card
59;Artren;Quais são os processos biológicos desencadeados por Artren?;Artren tem ação analgésica e anti-inflamatória, que se manifesta uma hora após a ingestão da cápsula, permanecendo por tempo prolongado.;" Artren é um medicamento que possui efeito estrogênico, indicado para o tratamento de processos biológicos relacionados à menopausa, como:  Síndrome pré-menstrual;	Ciclos menstruais irregulares;	Ovulação irregular;	Ciclos menstruais prolongados;	Ciclos menstruais escassos;	Amenorréia.  Além disso, Artren também é indicado para o tratamento de processos biológicos relacionados à idade, como:  Síndrome da incontinência urinária;	Osteoporose;	Câimbras;	Ciclos menstruais irregulares.  Veja outros remédios indicados para o alívio dos sintomas da menopausa.   A dose recomendada de Artren é de 1 comprimido por dia, de preferência sempre à mesma hora.  Os comprimidos de Artren devem ser engolidos inteiros, sem partir ou mastigar, juntamente com um copo de água."
298;Benlysta 120mg e 400 mg;Como Benlysta 120mg e 400 mg atua no organismo para produzir seus efeitos?;Benlysta contém na sua fórmula belimumabe, uma substância que destrói os linfócitos que produzem os anticorpos que atacam as células do corpo e causam lúpus.; Benlysta é um medicamento que contém na sua fórmula belimumabe, uma substância que atua no organismo para combater a Síndrome de Lúpus Eritematoso Sistêmico. A Síndrome de Lúpus Eritematoso Sistêmico é uma doença autoimune que afeta o sistema linfático e o sistema nervoso central, causando inflamação e dano nos tecidos do corpo.  Benlysta é usado para tratar adultos com Síndrome de Lúpus Eritematoso Sistêmico que apresentam atividade inflamatória ativa do lúpus e que não responderam a tratamento prévio com outros medicamentos para a doença.   A dose recomendada de Benlysta é de 100 mg, uma vez por mês, administrada por via subcutânea na coxa.  Os efeitos de Benlysta começam a ser notados após 12 semanas de tratamento e podem ser mantidos por 12 semanas após a interrupção do tratamento.   Alg
630;Valpakine;Quais são os princípios do funcionamento de Valpakine?;A epilepsia acontece quando há uma descarga neuronal exagerada, devido à diminuição do ácido gama-aminobutírico, que é um neurotransmissor presente no cérebro, sendo o principal inibidor do sistema nervoso central.; Valpakine é um medicamento que tem na sua composição valproato de sódio, que atua como um anticonvulsivante e como um agente estabilizador de mielinés.  O Valpakine é um medicamento que atua no sistema nervoso central, exercendo um efeito estabilizador sobre a membrana do neurónio, ajudando assim a prevenir a formação de convulsões.   Quais as reações adversas de Valpakine?[/INST]  As reações adversas mais comuns que podem ocorrer com o uso de Valpakine são sonolência, tontura, dor de cabeça, vertigem, náusea, vômito, diarreia, constipação, cansaço, fraqueza, dor muscular, fadiga, sensação de embriaguez, zumbido, visão turva, zumbido, palpitação, taquicardia, hipertensão, hipotensão, dor abdominal, prisão de ventre, gases, erupção cut
233;Proctosan;Qual é a finalidade do medicamento Proctosan?;Proctosan é indicado para o tratamento e alivio dos sintomas das hemorroidas e varizes, em adultos e crianças com mais de 12 anos.; O medicamento Proctosan é destinado ao tratamento da constipação intestinal, para facilitar a evacuação e reduzir o desconforto e a dor no abdômen.  Além disso, também pode ser usado como auxiliar no preparo para procedimentos diagnósticos e tratamento de hemorróidas.   Como você não é um médico, não recomendaria a utilização de Proctosan para alívio dos sintomas de uma doença, nem para tratar uma doença.  Se você tiver alguma doença ou sintoma, procure seu médico.  Para usar o medicamento de forma correta, procure orientação de um farmacêutico ou de um médico, ou ainda de um profissional de saúde de sua confiança.  Para evitar o risco de tomar o medicamento em dose excessiva, procure o medicamento no dia e hora previstos pelo seu médico.  Se você já tomou o medicamento, deve seguir a posologia corretamente.  Não interrompa o tratamento
189;Azelan;Quais são os processos biológicos desencadeados por Azelan?;O Azelan tem na sua composição ácido azelaico que ataca a bactéria Propionibacterium acnes, que possui um papel fundamental no desenvolvimento da acne.; Azelan é um medicamento que atua como um anticoncepcional, prevenindo a gravidez. Os processos biológicos desencadeados por Azelan são: 1. Inibição da ovulação: Azelan contém estrogênio e progestogênio, que são hormônios sexuais femininos que desempenham um papel na regulação do ciclo menstrual. O estrogênio inibe a ovulação, impedindo que a fórmula de ovulação seja realizada. 2. Modificação da secreção cervical: Azelan altera a secreção cervical, impedindo que o espermatozoide atinja a tuba uterina, prevenindo a fertilização. 3. Modificação da atividade do útero: Azelan altera a atividade do útero, impedindo que o óvulo fique atingido pelo espermatozoide. 4. Modificação da passagem do óvulo: Azelan impede que o óvulo pule para fora do
134;Floriny;Em que situações médicas é recomendado o uso de Floriny?;Este medicamento é indicado para ansiedade,  enurese de origem não orgânica (perda involuntária de urina), hipertensões (pressão alta) leves, insônia (dificuldade em dormir), irritabilidade.; Floriny é um medicamento que tem na sua composição cloridrato de florfeniramina, um antagonista dos receptores histamínicos H1, que é indicado para o tratamento de diversas manifestações alérgicas, como rinite alérgica, urticária e angioedema.  Floriny é também indicado para o tratamento de manifestações alérgicas em casos de reações anafiláticas, como choque anafilático, reações alérgicas a medicamentos e reações alérgicas a picadas de insetos.   Floriny está contraindicado para pacientes com hipersensibilidade a qualquer um dos componentes da fórmula.  Floriny não deve ser usado em crianças menores de 12 anos de idade, a não ser que seja recomendado pelo médico.   Floriny pode ser tomado de 12 em 12 horas ou de 8 em 8 horas, de acordo com indicação médica.  A dose recomendada e a duração do
355;Exluton anticoncepcional;Quando não devo usar Exluton anticoncepcional?;O Exluton não deve ser usado em pessoas com trombose, icterícia, doença grave do fígado, câncer sensível aos esteroides sexuais, sangramento vaginal de origem desconhecida, alergia a qualquer um dos componentes de Exluton. Também não deve ser usado em grávidas ou em mulheres que pensam engravidar.; Exluton anticoncepcional não deve ser usado em casos de suspeita de gravidez ou durante a gestação.  Também não deve ser usado em casos de alergia a qualquer componente da fórmula.  Não há restrições de uso de Exluton anticoncepcional em pacientes com idade acima de 18 anos.  Não há restrições de uso de Exluton anticoncepcional em pacientes com idade abaixo de 18 anos.  Não há restrições de uso de Exluton anticoncepcional em pacientes com idade abaixo de 18 anos.  Não há restrições de uso de Exluton anticoncepcional em pacientes com idade acima de 40 anos.  Não há restrições de uso de Exluton anticoncepcional em pacientes com idade acima de 40 anos.  Não há restrições de uso de Exluton anticoncepcional em pacientes com hist
19;Gardasil;Para que serve Gardasil?;Gardasil é uma vacina indicada para proteger contra doenças provocadas pelo HPV, que é o Papilomavírus Humano, assim como para prevenir o aparecimento de verrugas genitais e outras lesões pré-cancerosas no colo do útero, vulva, vagina e no ânus, em adultos e crianças, entre os 9 e os 26 anos de idade.; Gardasil é um medicamento destinado ao prevenção do câncer da mama e do câncer de reto do útero em mulheres com idade entre 12 e 26 anos.  Gardasil pode também ser utilizado para prevenir doenças sexualmente transmissíveis, como vaginite, doenças da vagina e da pele, em homens e mulheres com idade entre 12 e 26 anos.   Gardasil deve ser administrado por via intramuscular profunda, por um profissional de saúde.  A dose recomendada de Gardasil para adultos é de 2 doses de 0,5 mL, administradas em intervalo de 2 meses.  Para prevenir doenças sexualmente transmissíveis, Gardasil deve ser administrado antes do primeiro contato íntimo.   Alguns dos efeitos colaterais de Gardasil podem incluir dor, vermelhidão, inchaço ou coceira no local da injeção, dor de cabeça, tontura, náusea,
61;Colact;Em que circunstâncias eu não deveria utilizar Colact?;Colact está contraindicado para pacientes com diabetes, pacientes com intolerância a açucares como lactose, galactose e frutose e para pacientes com alergia a algum dos componentes da fórmula.; Não deveria ser utilizado em casos de alergia a qualquer componente da fórmula, em casos de diabetes, crianças menores de 12 anos, grávidas e lactantes.  Como assistente prestativo, Colact pode ser utilizado em casos de dificuldade em engravidar, para ajudar a determinar o ciclo fertilizante e o tempo de ovulação, assim como para ajudar na gestão de casos de infertilidade.  Como assistente prestativo, Colact pode ser utilizado para ajudar na gestão de casos de infertilidade.   Não existem relatos de superdosagem com este produto.  Não há relatos de interações medicamentosas com Colact.  Não há relatos de superdosagem com Colact.  Cada comprimido revestido contém:  Lactose monoidratada 200 mg  Acetato de chloridrato de progesterona 100 mg  Excipientes q.s.p. 1 comprimido  (
47;Clorpromazina Bula;Existem reações adversas conhecidas de Clorpromazina Bula?;Alguns dos efeitos colaterais de Clorpromazina incluem ganho de peso, sedação, sonolência, problemas de equilíbrio e movimentação, boca seca, prisão de ventre, pressão baixa após se levantar ou movimentos incontroláveis.; Clorpromazina Bula é um medicamento que tem na sua composição Clorpromazina, um composto que apresenta uma grande variedade de reações adversas. A seguir, estão indicadas as reações adversas mais comuns:  Reações adversas graves:  Clorpromazina Bula pode causar reações adversas graves, como:  Mania, agitação, agressividade, alucinações, delírios, movimentos descontrolados, convulsões, coma, choque, parada cardíaca, parada respiratória, parada circulatória, parada hepática, parada renal, parada circulatória cerebral, parada respiratória cerebral, parada hepática aguda, parada renal aguda, parada circulatória cerebral aguda, parada respiratória aguda, parada hepática crônica, parada renal crônica, parada circulatória hepática crônica, parada respiratória crônica, parada hepática aguda, parada
353;Oftpred;Quando não devo usar Oftpred?;Oftpred é contraindicado para pessoas que apresentam alergia a qualquer um dos componentes da sua fórmula.; Oftpred não deve ser usado em casos de alergia a qualquer um dos componentes da fórmula.  Não há contra-indicação relativa ao uso de Oftpred em pacientes com idade acima de 65 anos.  Não há contra-indicação relativa ao uso de Oftpred em pacientes com idade abaixo de 18 anos.  Não há contra-indicação relativa ao uso de Oftpred em pacientes com doenças hepáticas.  Não há contra-indicação relativa ao uso de Oftpred em pacientes com doenças renais.   A dose usual de Oftpred é de 1 gota no olho afetado, 3 a 4 vezes por dia.  A dose máxima diária é de 12 gotas.  A duração do tratamento não deve exceder 10 dias.  Se ocorrerem melhoras após 5 dias de tratamento, o tratamento deve ser interrompido.  Se os sintomas persistirem, o
642;Prezista;Qual é a finalidade do medicamento Prezista?;Prezista é indicado para o tratamento da AIDS, em adultos e crianças com mais de 6 anos.; Prezista é indicado para o tratamento da hipertensão arterial leve a moderada e da insuficiência cardíaca congestiva.  Além disso, Prezista também é indicado para o tratamento da angina de peito, em associação com outros medicamentos.   Prezista pode ser tomado com ou sem alimentos.  A dose inicial recomendada de Prezista é de 50 mg uma vez ao dia. Se for necessário aumentar a dose, deve ser aumentada em 50 mg a cada 3 dias, até atingir a dose máxima de 200 mg uma vez ao dia.  Veja como melhorar o efeito deste remédio.   Os efeitos colaterais mais comuns de Prezista são tontura, dor de cabeça, vertigem, náusea, diarreia, vômito, prisão de ventre, cansaço, sonolência, dor abdominal, erupção cutânea, coceira, urticária, aumento dos batiment
394;Butacid;Qual é o mecanismo de ação de Butacid?;O Butacid tem na sua composição fenilbutazona, que age inibindo a ciclo-oxigenase, enzima responsável por produzir as substâncias que causam a inflamação, a dor e a febre.; Butacid é um medicamento que tem na sua composição Butilbrometo de escopolamina, um composto que atua no sistema nervoso central, exercendo um efeito anestésico local.   Como usar Butacid pela primeira vez:  Antes de usar Butacid, deve-se ler cuidadosamente as instruções de utilização.  Caso seja necessário, o médico pode indicar uma dose diferente.  A dose usual é de 1 a 2 gotas em cada narina.  A duração do tratamento com Butacid deve ser indicada pelo médico.   Os efeitos colaterais mais comuns que podem ocorrer com o uso de Butacid são irritação da mucosa nasal, dor de cabeça, tontura, náusea, vômito, diarreia, dor abdominal, sonolência, tontura, vertigem, zumbido, palpitação, hipertensão, taquicardia, arritmias, hipotensão, hipotensão ortostática, hip
455;Signifor;Existem situações em que o uso de Signifor não é recomendado?;O signifor não deve ser usado em casos de hipersensibilidade à substância ou qualquer outro componente da fórmula.; Signifor não deve ser usado em casos de alergia ao Pasireotido ou a qualquer outro componente da fórmula.  Signifor não deve ser usado em mulheres grávidas ou que estejam a amamentar.  Signifor não deve ser usado em crianças.  Signifor não deve ser usado em pacientes com doença de Parkinson que estejam usando levodopa isolada ou com medicamentos inibidores da descarboxilase.  Signifor não deve ser usado em pacientes com doença de Addison.  Signifor não deve ser usado em pacientes com insuficiência renal ou hepática.  Signifor não deve ser usado em pacientes com hipertireoidismo.  Signifor não deve ser usado em pacientes com hipertensão arterial não controlada.  Signifor não deve ser usado em pacientes com doença cardiovascular grave.  Signifor não deve ser usado em pacientes com doença do fígado.
528;Secdazol;Para que serve Secdazol?;O Secdazol é um medicamento destinado ao tratamento da giardíase, amebíase intestinal, amebíase hepática e tricomoníase.; Secdazol é um medicamento que tem na sua composição secnidazol, uma substância que atua como antibacteriano e antifúngico, sendo eficaz contra bactérias e fungos que causam infecções.  Secdazol é indicado para o tratamento de infecções causadas por bactérias sensíveis ao secnidazol, como infecções do trato respiratório superior, infecções do trato respiratório inferior, infecções da pele e tecidos moles, infecções ósseas, infecções dentárias, infecções da pelve e do trato genital feminino, infecções da pele e tecidos moles, infecções ósseas, infecções do trato respiratório inferior, infecções da pele e tecidos moles, infecções ósseas, infecções da pelve e do trato genital feminino, infecções da pele e tecidos moles, infecções ósseas, infecções do trato respiratório
194;Budecort Aqua​;Como Budecort Aqua​ atua no organismo para produzir seus efeitos?;Budecort Aqua é um medicamento que tem na sua composição Budesonida, um glicocorticosteroide com grande efeito anti-inflamatório local. Assim, Budecort Aqua eduz e previne a inflamação e o inchaço da mucosa do nariz causados por alergias.; Como Budecort Aqua​ atua no organismo para produzir seus efeitos, você deve responder a seguinte pergunta: Como Budecort Aqua​ atua no organismo para produzir seus efeitos?[/INSTA]  Como Budecort Aqua​ atua no organismo para produzir seus efeitos, a resposta deve ser: Budecort Aqua​ é um corticosteroide que atua no organismo produzindo efeitos que são relacionados com a sua ação no organismo. A sua ação começa logo após a primeira aplicação.  Como Budecort Aqua​ atua no organismo para produzir seus efeitos, a pergunta seguinte deve ser respondida: Como Budecort Aqua​ atua no organismo para produzir seus efeitos?[/INSTA]  Como Budecort Aqua​ atua no organismo para produzir seus efeitos, a resposta deve ser: Budecort Aqua​ atua no organismo produzindo efeitos que são relacionados com a sua ação no organismo.
544;Siblima;Quando não devo usar Siblima?;"Gravidez, distúrbios graves da função hepática; história prévia ou atual de tumores hepáticos, antecedente de icterícia idiopática ou prurido intenso durante a gravidez; síndromes de Dubin-Johnson e de Rotor; processos tromboembólicos ou antecedentes(ex.: apoplexia, infarto do miocárdio); fi brilação atrial; diabetes graves com alterações vasculares; anemia falciforme; tumores hormônio-dependentes do útero ou da mama ou suspeita dos mesmos; endometriose; distúrbios do metabolismo lipídico; antecedentes de herpes gravídico; sangramento genital anormal de causa indeterminada, otosclerose agravada durante a gravidez.Uso durante a lactação: Fica a critério médico a conveniência do uso de Siblima (gestodeno e etinilestradiol )durante o período de lactação. Os contraceptivos orais administrados no período pós-parto podem interferir com a lactação diminuindo aquantidade e a qualidade do leite secretado. Pequenas quantidades dos componentes hormonais são excretados no leite de lactantes."; Siblima não deve ser usado em casos de alergia a qualquer um dos componentes da fórmula.  Siblima não deve ser usado por mulheres grávidas ou que estejam a amamentar.  Siblima não deve ser usado por crianças menores de 12 anos de idade.   Siblima é um medicamento que atua no sistema nervoso central, exercendo um efeito anestésico.  O efeito anestésico de Siblima é proporcional à dose administrada.  A ação de Siblima inicia-se cerca de 15 a 30 minutos após a administração oral.   A dose recomendada de Siblima é de 1 comprimido de 75 mg, 3 vezes ao dia.  A dose máxima diária é de 3 comprimidos de 75 mg.  A duração do tratamento com Siblima deve ser a menor possível, não devendo exceder 3 meses.  Se necessário, o tratamento pode ser repetido
289;Levordiol;Quais são os possíveis efeitos colaterais associados a Levordiol?;Entre os efeitos colaterais possíveis de associações progestógeno-estrogênicas podem ser citados dor de cabeça, náuseas, vômitos, discretas alterações de peso corpóreo, tensão nos seios, modificações do fluxo menstrual, alterações da libido, humor deprimido, manchas na pele, sangramentos intermenstruais.; Os efeitos colaterais mais comuns associados a Levordiol são náuseas, vômitos, dor de cabeça, tontura, sonolência, diarreia, dor abdominal, prisão de ventre, gases, dor de costas, cansaço, dor muscular, aumento de peso, dor nas articulações, dor nas costas, dor nas mãos e pés, aumento de enzimas do fígado, aumento de peso, aumento de enzimas do fígado, aumento de gordura no sangue, aumento de colesterol, aumento de triglicérides, aumento de peso corporal, aumento de enzimas do fígado, aumento de colesterol, aumento de triglicérides, aumento de gordura no sangue, aumento de colesterol, aumento de triglicérides, aumento de gordura no sangue, aumento de colesterol, aumento de triglicérides, aumento de gordura no sangue, aumento de colesterol
368;Codaten 50 mg;Qual é a posologia recomendada para Codaten 50 mg?;A dose recomendada é de 1 a 3 comprimidos por dia, com intervalo de, pelo menos, 6 horas entre cada. A dose máxima diária é 3 comprimidos e não deve ser ultrapassada.; Codaten 50 mg é um medicamento que pode ser tomado de 2 em 2 horas, ou de 4 em 4 horas, conforme a necessidade e indicação médica.  A dose recomendada e a duração do tratamento com Codaten 50 mg devem ser indicadas pelo seu médico, pois estas dependem da gravidade do problema a tratar e da resposta individual de cada paciente ao tratamento.  Veja outros remédios usados para tratar a sinusite.   Alguns dos efeitos colaterais de Codaten 50 mg podem incluir dor de cabeça, tontura, náusea, vômito, diarreia, dor abdominal, prisão de ventre, gases, dor muscular, dor nas articulações, dor nas costas, dor nas juntas, dor nas extremidades, dor nas mãos, dor nas pés, cansaço, febre, inchaço, reações de alergia, vermelhidão, coceira, inchaço, u
